insert into USERS (ID, PASSWORD, USERNAME, ENABLED)
VALUES (0, '', 'anonymous', true);
insert into USERS (ID, PASSWORD, USERNAME, ENABLED)
VALUES (1, '$2a$06$OAPObzhRdRXBCbk7Hj/ot.jY3zPwR8n7/mfLtKIgTzdJa4.6TwsIm', 'admin', true);
insert into USERS (ID, PASSWORD, USERNAME, ENABLED)
VALUES (2, '$2a$06$OAPObzhRdRXBCbk7Hj/ot.jY3zPwR8n7/mfLtKIgTzdJa4.6TwsIm', 'user', true);

insert into AUTHORITIES (ID, AUTHORITY)
VALUES (0, 'ROLE_ANONYMOUS');
insert into AUTHORITIES (ID, AUTHORITY)
VALUES (1, 'ROLE_ADMIN');
insert into AUTHORITIES (ID, AUTHORITY)
VALUES (2, 'ROLE_USER');

insert into USERS_AUTHORITIES (USER_ID, AUTHORITY_ID)
VALUES (1, 1);
insert into USERS_AUTHORITIES (USER_ID, AUTHORITY_ID)
VALUES (1, 2);
insert into USERS_AUTHORITIES (USER_ID, AUTHORITY_ID)
VALUES (2, 2);

insert into POSTS (ID, BODY, CREATION_DATE, TITLE, USER_ID)
VALUES (1, '  Han JI Good Morninggggg ',
        '2024-04-10', 'Leena', 2);
insert into POSTS (ID, BODY, CREATION_DATE, TITLE, USER_ID)
VALUES (2, '  Hello All. ',
        '2024-02-20', 'Prachi', 1);
insert into POSTS (ID, BODY, CREATION_DATE, TITLE, USER_ID)
VALUES (3, ' education. ',
        '2024-03-30', 'Shruti', 2);

insert into COMMENTS (ID, BODY, CREATION_DATE, POST_ID, USER_ID)
VALUES (1, 'comentras a', current_timestamp(), 1, 0);
insert into COMMENTS (ID, BODY, CREATION_DATE, POST_ID, USER_ID)
VALUES (2, 'comentras a', current_timestamp(), 1, 2);
insert into COMMENTS (ID, BODY, CREATION_DATE, POST_ID, USER_ID)
VALUES (3, 'comentras a', current_timestamp(), 1, 0);
insert into COMMENTS (ID, BODY, CREATION_DATE, POST_ID, USER_ID)
VALUES (4, 'comentras a', current_timestamp(), 2, 0);
insert into COMMENTS (ID, BODY, CREATION_DATE, POST_ID, USER_ID)
VALUES (5, 'comentras a', current_timestamp(), 2, 1);
insert into COMMENTS (ID, BODY, CREATION_DATE, POST_ID, USER_ID)
VALUES (6, 'comentras a', current_timestamp(), 1, 0);


